Average across indicators in percent,,,,,,,,,,,,,,,,,,
Data Point,Data for at least two years since 2015,,,,,,,,,,,,,,,,,
Nature,All,,,,,,,,,,,,,,,,,
Analysis Type,Compare countries across all goals,,,,,,,,,,,,,,,,,
Visualization Type,Country-goal matrix,,,,,,,,,,,,,,,,,
Country,World (total) by SDG regions,,,,,,,,,,,,,,,,,
Legend,NA - Not Applicable,,,,,,,,,,,,,,,,,
,,,,,,,,,,,,,,,,,,
GeoAreaCode,GeoAreaName,Goal 1,Goal 2,Goal 3,Goal 4,Goal 5,Goal 6,Goal 7,Goal 8,Goal 9,Goal 10,Goal 11,Goal 12,Goal 13,Goal 14,Goal 15,Goal 16,Goal 17
4,Afghanistan,32.7891156462585 %,55.53571428571429 %,67.05128205128203 %,33.38095238095238 %,6.944444444444445 %,67.11309523809523 %,100 %,52.083333333333336 %,50 %,30.833333333333336 %,24.960317460317462 %,30.909090909090907 %,16.555555555555554 %,0 %,66.42857142857143 %,21.180555555555554 %,73.08641975308642 %
248,Åland Islands,0 %,4.166666666666666 %,0 %,0 %,0 %,6.802721088435374 %,0 %,0 %,0 %,0 %,0 %,0 %,0 %,0 %,16.38888888888889 %,0 %,5.833333333333333 %
8,Albania,56.547619047619044 %,51.36904761904761 %,63.14102564102563 %,68.51851851851852 %,25 %,68.36734693877553 %,100 %,51.041666666666664 %,66.07142857142857 %,52.31481481481482 %,35.18518518518518 %,44.772727272727266 %,21.66666666666667 %,44.117647058823536 %,45.714285714285715 %,18.58585858585859 %,66.28472222222221 %
12,Algeria,23.112244897959183 %,52.61904761904762 %,62.82051282051282 %,40.57142857142857 %,4.166666666666666 %,70.23809523809523 %,100 %,51.041666666666664 %,48.4375 %,39.40476190476191 %,32.20899470899471 %,40.909090909090914 %,16.666666666666668 %,14.705882352941178 %,59.04761904761905 %,24.166666666666668 %,65.49382716049382 %
16,American Samoa,7.142857142857142 %,0 %,5.384615384615384 %,0 %,0 %,29.01785714285714 %,40 %,2.7777777777777777 %,4.166666666666666 %,10 %,5.555555555555555 %,16.666666666666664 %,0 %,11.176470588235295 %,34.58333333333333 %,2.7777777777777777 %,10.925925925925926 %
20,Andorra,14.285714285714285 %,8.333333333333332 %,44.230769230769226 %,29.259259259259256 %,5.555555555555555 %,46.08843537414966 %,80 %,12.5 %,21.428571428571427 %,13.88888888888889 %,11.11111111111111 %,36.59090909090909 %,5 %,0 %,39.345238095238095 %,11.616161616161614 %,29.027777777777775 %
24,Angola,31.717687074829932 %,52.202380952380956 %,51.28205128205128 %,26.333333333333332 %,9.722222222222223 %,59.970238095238095 %,100 %,56.25 %,67.1875 %,49.58333333333334 %,29.497354497354493 %,29.090909090909093 %,21.66666666666667 %,54.117647058823536 %,50.71428571428571 %,23.88888888888889 %,70.77160493827161 %
660,Anguilla,16.90476190476191 %,5.416666666666667 %,13.076923076923078 %,10 %,0 %,11.309523809523808 %,50 %,12.5 %,14.583333333333332 %,22.5 %,11.11111111111111 %,22.727272727272727 %,0 %,21.176470588235293 %,25 %,6.944444444444444 %,29.537037037037035 %
28,Antigua and Barbuda,18.316326530612244 %,35.535714285714285 %,56.282051282051285 %,29.238095238095234 %,5.555555555555555 %,44.64285714285714 %,100 %,33.33333333333333 %,35.9375 %,35.833333333333336 %,13.80952380952381 %,33.40909090909091 %,6.999999999999999 %,44.70588235294118 %,47.67857142857143 %,23.611111111111114 %,51.97530864197532 %
32,Argentina,60.40816326530612 %,58.03571428571429 %,71.53846153846153 %,45.285714285714285 %,29.166666666666668 %,62.946428571428584 %,100 %,71.875 %,76.5625 %,52.08333333333333 %,26.53439153439153 %,55.68181818181818 %,15.22222222222222 %,74.70588235294117 %,74.04761904761905 %,25.833333333333336 %,72.1604938271605 %
51,Armenia,63.92857142857142 %,50.32738095238095 %,67.6923076923077 %,58.80952380952381 %,36.11111111111111 %,70.23809523809523 %,100 %,75 %,71.875 %,53.333333333333336 %,30.555555555555557 %,42.5 %,21.66666666666667 %,12.5 %,53.92857142857142 %,23.564814814814817 %,79.29012345679011 %
533,Aruba,15.714285714285717 %,4.166666666666666 %,5.384615384615384 %,0 %,0 %,15.476190476190476 %,70 %,25 %,23.4375 %,15 %,11.11111111111111 %,27.27272727272727 %,0 %,11.176470588235295 %,37.916666666666664 %,0 %,37.5 %
655,Ascension,0 %,0 %,0 %,0 %,0 %,0 %,0 %,0 %,0 %,0 %,0 %,0 %,0 %,0 %,0 %,0 %,0 %
36,Australia,43.02721088435374 %,48.24404761904762 %,69.87179487179486 %,55.820105820105816 %,20.833333333333336 %,60.79931972789115 %,80 %,77.08333333333334 %,69.64285714285714 %,59.06084656084656 %,31.349206349206348 %,54.090909090909086 %,20.999999999999996 %,54.70588235294118 %,75.71428571428571 %,22.626262626262626 %,54.61805555555554 %
40,Austria,46.921768707483 %,50.74404761904761 %,68.9102564102564 %,55.820105820105816 %,22.22222222222222 %,68.36734693877553 %,80 %,79.16666666666666 %,82.14285714285714 %,73.14814814814814 %,25.72751322751323 %,61.13636363636363 %,11.000000000000002 %,20 %,69.76190476190474 %,29.19191919191919 %,50.138888888888886 %
31,Azerbaijan,27.142857142857142 %,53.34821428571429 %,65.12820512820512 %,53.90476190476191 %,18.055555555555554 %,76.48809523809523 %,100 %,59.375 %,75 %,32.916666666666664 %,11.11111111111111 %,52.5 %,5 %,14.705882352941178 %,55.714285714285715 %,26.805555555555554 %,69.84567901234568 %
44,Bahamas,21.428571428571427 %,29.28571428571429 %,55.89743589743589 %,16.333333333333332 %,4.166666666666666 %,27.083333333333332 %,100 %,39.58333333333333 %,23.4375 %,25 %,5.555555555555555 %,39.090909090909086 %,0 %,34.705882352941174 %,30.71428571428571 %,22.22222222222222 %,46.60493827160494 %
48,Bahrain,21.428571428571427 %,25.952380952380956 %,61.410256410256416 %,44.666666666666664 %,16.666666666666664 %,50.89285714285714 %,80 %,33.33333333333333 %,48.4375 %,31.25 %,11.11111111111111 %,55.45454545454545 %,0 %,24.117647058823525 %,29.345238095238095 %,18.333333333333336 %,46.97530864197531 %
50,Bangladesh,41.9047619047619 %,55.53571428571429 %,68.97435897435896 %,52.666666666666664 %,29.166666666666668 %,71.42857142857143 %,100 %,46.875 %,51.5625 %,54.58333333333333 %,30.555555555555557 %,46.13636363636363 %,15.999999999999998 %,44.70588235294118 %,59.04761904761905 %,24.861111111111114 %,74.6604938271605 %
52,Barbados,22.074829931972793 %,56.785714285714285 %,55.89743589743589 %,27.714285714285715 %,20.833333333333336 %,39.4345238095238 %,100 %,39.58333333333333 %,26.5625 %,32.5 %,16.164021164021168 %,32.95454545454545 %,9.333333333333332 %,24.705882352941178 %,35.17857142857143 %,18.055555555555554 %,48.0246913580247 %
112,Belarus,57.50000000000001 %,42.291666666666664 %,69.87179487179486 %,57.67195767195767 %,29.166666666666668 %,64.88095238095238 %,100 %,57.291666666666664 %,78.57142857142857 %,46.75925925925927 %,49.44444444444444 %,41.59090909090909 %,21.66666666666667 %,20 %,44.76190476190476 %,18.737373737373737 %,62.638888888888886 %
56,Belgium,39.285714285714285 %,55.74404761904762 %,67.94871794871794 %,55.820105820105816 %,9.722222222222223 %,67.00680272108845 %,80 %,83.33333333333334 %,83.92857142857143 %,63.42592592592592 %,33.33333333333333 %,64.16666666666667 %,5 %,85.88235294117646 %,49.76190476190476 %,28.18181818181818 %,47.013888888888886 %
84,Belize,21.666666666666664 %,48.035714285714285 %,67.05128205128203 %,44.00000000000001 %,8.333333333333332 %,58.407738095238095 %,100 %,55.208333333333336 %,37.5 %,35.833333333333336 %,11.11111111111111 %,40 %,5 %,44.70588235294118 %,76.42857142857142 %,23.564814814814817 %,71.69753086419752 %
204,Benin,42.15986394557823 %,53.86904761904761 %,71.79487179487178 %,41.9047619047619 %,11.11111111111111 %,70.38690476190477 %,100 %,46.875 %,43.75 %,45.83333333333333 %,26.65343915343915 %,36.36363636363637 %,21.66666666666667 %,44.117647058823536 %,57.26190476190476 %,20 %,69.75308641975309 %
60,Bermuda,16.90476190476191 %,10.833333333333334 %,9.615384615384617 %,0 %,0 %,28.401360544217685 %,50 %,20.833333333333336 %,42.857142857142854 %,13.88888888888889 %,11.11111111111111 %,33.86363636363636 %,0 %,21.764705882352946 %,21.25 %,6.06060606060606 %,31.041666666666668 %
64,Bhutan,38.894557823129254 %,41.36904761904762 %,71.53846153846153 %,44.142857142857146 %,8.333333333333332 %,69.04761904761905 %,100 %,38.54166666666667 %,37.5 %,50.83333333333333 %,30.02645502645503 %,40 %,21.66666666666667 %,0 %,78.09523809523809 %,24.39814814814815 %,65.40123456790124 %
68,Bolivia (Plurinational State of),57.7891156462585 %,49.285714285714285 %,67.6923076923077 %,44.00000000000001 %,19.444444444444446 %,58.779761904761905 %,100 %,60.416666666666664 %,56.25 %,65.83333333333333 %,22.18253968253968 %,40.22727272727273 %,15.999999999999998 %,12.5 %,59.04761904761905 %,39.25925925925926 %,65.95679012345678 %
535,"Bonaire, Sint Eustatius and Saba",7.142857142857142 %,0 %,3.8461538461538463 %,0 %,0 %,16.666666666666664 %,40 %,2.7777777777777777 %,0 %,2.5 %,0 %,21.21212121212121 %,0 %,21.764705882352946 %,39.58333333333333 %,0 %,2.7777777777777777 %
70,Bosnia and Herzegovina,16.666666666666668 %,46.16071428571429 %,67.94871794871794 %,47.14285714285714 %,16.666666666666664 %,80.27210884353741 %,100 %,68.75 %,80.35714285714286 %,39.81481481481482 %,27.77777777777778 %,45.45454545454545 %,11.666666666666666 %,0 %,58.0952380952381 %,19.343434343434343 %,65.97222222222221 %
72,Botswana,35.4421768707483 %,58.03571428571429 %,69.23076923076923 %,26.333333333333332 %,11.11111111111111 %,73.36309523809523 %,100 %,79.16666666666666 %,65.625 %,44.58333333333333 %,26.87830687830688 %,42.727272727272734 %,20.999999999999996 %,0 %,75.71428571428571 %,22.777777777777782 %,73.17901234567901 %
74,Bouvet Island,0 %,0 %,0 %,0 %,0 %,2.7210884353741496 %,0 %,0 %,0 %,0 %,0 %,0 %,0 %,10 %,22.63888888888889 %,0 %,0 %
76,Brazil,48.80952380952381 %,70.53571428571429 %,71.53846153846153 %,67.28571428571428 %,33.33333333333333 %,79.76190476190477 %,100 %,70.83333333333334 %,79.6875 %,68.33333333333333 %,22.59259259259259 %,49.09090909090909 %,11.666666666666666 %,54.70588235294118 %,69.76190476190474 %,33.28703703703704 %,71.79012345679013 %
86,British Indian Ocean Territory,0 %,0 %,0 %,0 %,0 %,0 %,0 %,1.3888888888888888 %,0 %,10 %,0 %,1.515151515151515 %,0 %,10 %,18.47222222222222 %,0 %,5.555555555555555 %
92,British Virgin Islands,10.95238095238095 %,9.583333333333332 %,9.23076923076923 %,20.666666666666664 %,11.11111111111111 %,17.559523809523807 %,50 %,12.5 %,18.75 %,10 %,11.11111111111111 %,27.27272727272727 %,0 %,11.76470588235294 %,27.083333333333332 %,0 %,22.68518518518519 %
96,Brunei Darussalam,16.54761904761905 %,22.61904761904762 %,67.17948717948718 %,52.476190476190474 %,20.833333333333336 %,35.26785714285714 %,80 %,56.25 %,40.625 %,37.5 %,17.77777777777778 %,38.40909090909091 %,6.999999999999999 %,25.294117647058822 %,40.71428571428571 %,14.351851851851851 %,43.364197530864196 %
100,Bulgaria,51.78571428571429 %,60.11904761904761 %,71.79487179487178 %,49.47089947089947 %,22.22222222222222 %,68.36734693877553 %,70 %,66.66666666666666 %,83.92857142857143 %,49.33862433862434 %,36.11111111111111 %,55.07575757575758 %,21.66666666666667 %,76.47058823529412 %,67.38095238095238 %,22.727272727272727 %,51.49305555555556 %
854,Burkina Faso,50.578231292516996 %,56.785714285714285 %,72.43589743589743 %,43.33333333333333 %,4.166666666666666 %,65.02976190476191 %,100 %,46.875 %,40.625 %,44.58333333333333 %,24.365079365079367 %,40.45454545454545 %,20.999999999999996 %,12.5 %,61.42857142857142 %,24.583333333333332 %,74.56790123456788 %
108,Burundi,24.13265306122449 %,46.36904761904761 %,64.74358974358974 %,42.00000000000001 %,6.944444444444445 %,64.4345238095238 %,100 %,41.66666666666667 %,34.375 %,40.833333333333336 %,30.02645502645503 %,31.590909090909093 %,21.66666666666667 %,12.5 %,59.76190476190476 %,22.916666666666664 %,77.99382716049384 %
132,Cabo Verde,35.68027210884353 %,45.95238095238095 %,67.94871794871794 %,44.904761904761905 %,29.166666666666668 %,43.452380952380956 %,100 %,46.875 %,57.8125 %,35.833333333333336 %,23.730158730158728 %,40.22727272727273 %,12 %,44.70588235294118 %,46.96428571428571 %,23.84259259259259 %,71.60493827160495 %
116,Cambodia,24.217687074829932 %,58.452380952380956 %,67.05128205128203 %,60.33333333333333 %,19.444444444444446 %,76.63690476190477 %,100 %,56.25 %,57.8125 %,45.83333333333333 %,23.941798941798943 %,49.09090909090909 %,11.666666666666666 %,34.705882352941174 %,57.38095238095238 %,29.72222222222222 %,76.69753086419753 %
120,Cameroon,29.21768707482993 %,52.202380952380956 %,65.38461538461539 %,42.00000000000001 %,20.833333333333336 %,59.970238095238095 %,100 %,54.166666666666664 %,48.4375 %,53.333333333333336 %,23.10846560846561 %,40 %,9.333333333333332 %,34.705882352941174 %,59.04761904761905 %,26.944444444444443 %,76.88271604938272 %
124,Canada,36.666666666666664 %,59.07738095238094 %,69.87179487179486 %,38.359788359788354 %,18.055555555555554 %,55.44217687074829 %,80 %,68.75 %,83.92857142857143 %,61.838624338624335 %,27.77777777777778 %,57.57575757575758 %,11.666666666666666 %,64.70588235294117 %,71.54761904761905 %,14.191919191919192 %,55.347222222222214 %
136,Cayman Islands,10.95238095238095 %,4.166666666666666 %,1.5384615384615385 %,26.333333333333332 %,0 %,11.309523809523808 %,70 %,12.5 %,20.3125 %,15 %,11.11111111111111 %,36.36363636363637 %,0 %,21.764705882352946 %,43.333333333333336 %,5.555555555555555 %,36.388888888888886 %
140,Central African Republic,15.714285714285712 %,50.11904761904762 %,52.56410256410257 %,11.428571428571429 %,4.166666666666666 %,68.60119047619048 %,100 %,41.66666666666667 %,31.25 %,35.833333333333336 %,11.11111111111111 %,39.090909090909086 %,0 %,0 %,61.42857142857142 %,13.541666666666666 %,73.95061728395062 %
148,Chad,21.666666666666664 %,54.285714285714285 %,67.3076923076923 %,37.71428571428571 %,4.166666666666666 %,75.89285714285714 %,100 %,37.5 %,37.5 %,48.33333333333333 %,11.11111111111111 %,30.909090909090907 %,0 %,0 %,57.38095238095238 %,20.833333333333336 %,66.0493827160494 %
152,Chile,67.38095238095238 %,58.03571428571429 %,68.07692307692308 %,44.523809523809526 %,33.33333333333333 %,75.44642857142858 %,100 %,83.33333333333334 %,85.9375 %,74.40476190476191 %,37.5 %,54.090909090909086 %,20.999999999999996 %,74.70588235294117 %,78.09523809523809 %,43.333333333333336 %,60.95679012345679 %
156,China,50.5952380952381 %,44.910714285714285 %,66.7948717948718 %,34.904761904761905 %,5.555555555555555 %,76.11607142857143 %,100 %,44.097222222222214 %,76.5625 %,52.08333333333333 %,8.88888888888889 %,54.39393939393939 %,11.000000000000002 %,34.705882352941174 %,59.04761904761905 %,23.88888888888889 %,75.9567901234568 %
344,"China, Hong Kong Special Administrative Region",20 %,11.160714285714285 %,5.384615384615384 %,44.666666666666664 %,13.88888888888889 %,27.82738095238095 %,90 %,52.083333333333336 %,67.1875 %,27.857142857142858 %,0 %,41.59090909090909 %,0 %,13.529411764705884 %,45.55555555555556 %,14.351851851851851 %,48.33333333333333 %
446,"China, Macao Special Administrative Region",18.809523809523814 %,6.25 %,5.384615384615384 %,44.666666666666664 %,11.11111111111111 %,27.82738095238095 %,70 %,47.91666666666667 %,46.875 %,32.5 %,0 %,30.909090909090907 %,0 %,10 %,35.13888888888889 %,13.888888888888888 %,49.16666666666668 %
162,Christmas Island,0 %,0 %,0 %,0 %,0 %,6.802721088435374 %,0 %,1.3888888888888888 %,0 %,11.11111111111111 %,5.555555555555555 %,1.515151515151515 %,0 %,11.176470588235295 %,22.63888888888889 %,0 %,0 %
166,Cocos (Keeling) Islands,0 %,0 %,0 %,0 %,0 %,6.122448979591836 %,0 %,0 %,0 %,11.11111111111111 %,5.555555555555555 %,0 %,0 %,11.176470588235295 %,18.47222222222222 %,0 %,0 %
170,Colombia,58.452380952380956 %,68.03571428571429 %,67.6923076923077 %,67.28571428571428 %,41.66666666666667 %,71.42857142857143 %,100 %,72.91666666666666 %,82.8125 %,72.08333333333333 %,58.333333333333336 %,58.484848484848484 %,21.66666666666667 %,74.70588235294117 %,61.42857142857142 %,47.82407407407407 %,77.0679012345679 %
174,Comoros,17.48299319727891 %,46.36904761904762 %,56.41025641025641 %,15.666666666666668 %,5.555555555555555 %,51.9345238095238 %,100 %,41.66666666666667 %,31.25 %,40.833333333333336 %,18.80952380952381 %,30 %,9.333333333333332 %,24.117647058823525 %,51.42857142857142 %,15.972222222222223 %,68.76543209876543 %
178,Congo,12.142857142857144 %,50.535714285714285 %,60.89743589743589 %,18.523809523809526 %,9.722222222222223 %,66.22023809523809 %,100 %,45.83333333333333 %,48.4375 %,35.833333333333336 %,11.11111111111111 %,30.909090909090907 %,0 %,44.117647058823536 %,50.71428571428571 %,18.055555555555554 %,73.91975308641975 %
184,Cook Islands,21.428571428571427 %,31.78571428571429 %,46.02564102564103 %,47 %,8.333333333333332 %,23.809523809523807 %,80 %,34.375 %,37.5 %,25.833333333333336 %,5.555555555555555 %,17.272727272727273 %,5 %,31.176470588235293 %,46.01190476190476 %,15.277777777777777 %,39.72222222222222 %
188,Costa Rica,66.54761904761905 %,52.827380952380956 %,69.61538461538463 %,62.33333333333333 %,33.33333333333333 %,80.80357142857143 %,100 %,82.29166666666666 %,79.6875 %,68.33333333333333 %,32.77777777777778 %,48.71212121212121 %,21.66666666666667 %,44.70588235294118 %,61.42857142857142 %,28.611111111111114 %,74.66049382716051 %
384,Côte d'Ivoire,31.190476190476197 %,56.785714285714285 %,73.07692307692307 %,63.23809523809524 %,29.166666666666668 %,77.15773809523809 %,100 %,69.79166666666666 %,54.6875 %,54.58333333333333 %,11.11111111111111 %,40 %,5 %,44.117647058823536 %,75.71428571428571 %,22.129629629629633 %,76.9753086419753 %
191,Croatia,41.66666666666667 %,50.74404761904761 %,70.83333333333333 %,49.47089947089947 %,22.22222222222222 %,68.36734693877553 %,80 %,75 %,83.92857142857143 %,50.92592592592592 %,22.22222222222222 %,55.07575757575758 %,5 %,54.117647058823536 %,61.42857142857142 %,23.13131313131313 %,44.93055555555556 %
192,Cuba,18.503401360544217 %,35.74404761904762 %,64.87179487179488 %,49.142857142857146 %,16.666666666666664 %,58.928571428571416 %,100 %,38.54166666666667 %,54.6875 %,30.833333333333336 %,18.478835978835978 %,29.090909090909093 %,7.666666666666666 %,41.76470588235294 %,50.71428571428571 %,16.38888888888889 %,47.12962962962963 %
531,Curaçao,10.95238095238095 %,4.166666666666666 %,5.384615384615384 %,0 %,2.7777777777777777 %,11.309523809523808 %,70 %,22.916666666666664 %,32.8125 %,12.5 %,0 %,31.818181818181817 %,0 %,11.76470588235294 %,22.916666666666664 %,0 %,25.27777777777778 %
196,Cyprus,43.31632653061225 %,41.99404761904762 %,70.64102564102565 %,59.73544973544974 %,33.33333333333333 %,59.863945578231295 %,80 %,66.66666666666666 %,83.92857142857143 %,59.25925925925925 %,20.84656084656085 %,64.62121212121212 %,9.666666666666664 %,54.70588235294118 %,61.42857142857142 %,31.464646464646467 %,38.68055555555556 %
203,Czechia,50.476190476190474 %,56.99404761904761 %,67.94871794871794 %,56.666666666666664 %,33.33333333333333 %,64.79591836734696 %,80 %,83.33333333333334 %,82.14285714285714 %,71.75925925925925 %,38.70370370370371 %,64.16666666666667 %,17 %,20.588235294117645 %,57.26190476190476 %,33.73737373737374 %,48.05555555555556 %
408,Democratic People's Republic of Korea,9.523809523809524 %,32.202380952380956 %,53.333333333333336 %,10 %,4.166666666666666 %,58.779761904761905 %,100 %,25 %,42.70833333333333 %,28.333333333333332 %,5.555555555555555 %,21.818181818181817 %,0 %,14.117647058823529 %,47.38095238095239 %,11.574074074074074 %,25.833333333333336 %
180,Democratic Republic of the Congo,19.28571428571429 %,54.702380952380956 %,64.1025641025641 %,34.19047619047619 %,4.166666666666666 %,76.63690476190477 %,100 %,45.83333333333333 %,48.4375 %,38.333333333333336 %,11.11111111111111 %,30.909090909090907 %,0 %,4.117647058823529 %,67.38095238095238 %,21.180555555555554 %,73.54938271604938 %
208,Denmark,47.023809523809526 %,50.74404761904761 %,71.79487179487178 %,55.820105820105816 %,22.22222222222222 %,63.52040816326531 %,80 %,79.16666666666666 %,83.92857142857143 %,63.42592592592592 %,36.11111111111111 %,61.13636363636363 %,17.22222222222222 %,45.88235294117647 %,61.42857142857142 %,23.38383838383838 %,48.05555555555556 %
262,Djibouti,13.333333333333334 %,48.45238095238095 %,42.43589743589743 %,32.047619047619044 %,4.166666666666666 %,42.70833333333333 %,100 %,41.66666666666667 %,32.8125 %,36.904761904761905 %,11.11111111111111 %,30.909090909090907 %,0 %,24.117647058823525 %,50.71428571428571 %,19.444444444444446 %,56.23456790123457 %
212,Dominica,19.28571428571429 %,41.785714285714285 %,34.48717948717949 %,36.333333333333336 %,4.166666666666666 %,41.51785714285714 %,100 %,25 %,31.25 %,35.833333333333336 %,5.555555555555555 %,36.36363636363637 %,5 %,34.11764705882353 %,46.96428571428571 %,21.296296296296298 %,66.41975308641975 %
214,Dominican Republic,56.904761904761905 %,56.785714285714285 %,69.61538461538463 %,56.61904761904761 %,50 %,81.32440476190477 %,100 %,68.75 %,54.6875 %,63.33333333333333 %,11.11111111111111 %,40 %,5 %,34.705882352941174 %,72.3809523809524 %,28.750000000000004 %,77.0679012345679 %
218,Ecuador,65.85034013605443 %,55.53571428571429 %,67.6923076923077 %,68.80952380952381 %,41.66666666666667 %,76.63690476190477 %,100 %,67.70833333333334 %,70.3125 %,54.40476190476191 %,36.93121693121693 %,41.81818181818181 %,15.999999999999998 %,54.70588235294118 %,61.42857142857142 %,27.45370370370371 %,71.51234567901236 %
818,Egypt,38.69047619047619 %,49.28571428571429 %,66.41025641025641 %,70.14285714285714 %,23.61111111111111 %,54.761904761904766 %,100 %,69.79166666666666 %,82.8125 %,45.83333333333333 %,28.703703703703702 %,48.18181818181818 %,21.66666666666667 %,14.705882352941178 %,47.38095238095239 %,28.935185185185187 %,71.41975308641975 %
222,El Salvador,56.666666666666664 %,55.952380952380956 %,73.46153846153845 %,68.14285714285714 %,25 %,79.76190476190477 %,100 %,67.70833333333334 %,70.3125 %,62.083333333333336 %,11.11111111111111 %,41.59090909090909 %,5 %,54.70588235294118 %,67.38095238095238 %,40.41666666666667 %,77.62345679012346 %
226,Equatorial Guinea,17.82312925170068 %,30.119047619047624 %,48.717948717948715 %,10 %,4.166666666666666 %,45.6845238095238 %,100 %,50 %,48.4375 %,35.833333333333336 %,18.637566137566136 %,39.090909090909086 %,5.333333333333333 %,34.11764705882353 %,55.29761904761904 %,13.194444444444445 %,47.253086419753096 %
232,Eritrea,9.523809523809524 %,28.452380952380953 %,53.205128205128204 %,30.619047619047617 %,2.7777777777777777 %,43.154761904761905 %,100 %,29.166666666666668 %,59.375 %,30.833333333333336 %,11.11111111111111 %,21.818181818181817 %,0 %,34.11764705882353 %,59.76190476190476 %,11.342592592592592 %,31.7283950617284 %
233,Estonia,54.16666666666667 %,54.49404761904761 %,66.98717948717949 %,55.079365079365076 %,22.22222222222222 %,67.68707482993197 %,80 %,79.16666666666666 %,82.14285714285714 %,60.64814814814814 %,52.77777777777778 %,52.04545454545454 %,21.66666666666667 %,76.47058823529412 %,69.76190476190474 %,35.90909090909091 %,52.63888888888888 %
748,Eswatini,30.59523809523809 %,55.952380952380956 %,60.89743589743589 %,42.714285714285715 %,6.944444444444445 %,75.44642857142858 %,100 %,64.58333333333334 %,50 %,38.333333333333336 %,30.555555555555557 %,30.909090909090907 %,16.666666666666668 %,12.5 %,61.42857142857142 %,27.77777777777778 %,70.9567901234568 %
231,Ethiopia,37.31292517006802 %,72.61904761904762 %,80.76923076923077 %,27.714285714285715 %,37.5 %,75.96726190476191 %,100 %,41.66666666666667 %,46.875 %,47.083333333333336 %,26.34920634920635 %,40 %,20.999999999999996 %,0 %,58.0952380952381 %,18.40277777777778 %,76.41975308641975 %
238,Falkland Islands (Malvinas),7.142857142857142 %,6.666666666666667 %,0 %,0 %,0 %,10.119047619047619 %,40 %,2.7777777777777777 %,0 %,12.5 %,5.555555555555555 %,12.12121212121212 %,0 %,11.176470588235295 %,27.083333333333332 %,0 %,19.444444444444446 %
234,Faroe Islands,3.571428571428571 %,10.535714285714285 %,3.8461538461538463 %,0 %,0 %,6.802721088435374 %,50 %,2.7777777777777777 %,17.857142857142858 %,11.11111111111111 %,5.555555555555555 %,25.757575757575758 %,0 %,41.17647058823529 %,27.083333333333332 %,0 %,22.395833333333332 %
242,Fiji,34.166666666666664 %,48.035714285714285 %,62.30769230769231 %,36.285714285714285 %,20.833333333333336 %,73.88392857142857 %,100 %,50 %,46.875 %,38.333333333333336 %,26.851851851851848 %,40.68181818181818 %,16.666666666666668 %,34.705882352941174 %,64.04761904761905 %,20.78703703703704 %,77.90123456790124 %
246,Finland,52.976190476190474 %,50.74404761904761 %,67.94871794871794 %,57.407407407407405 %,33.33333333333333 %,65.98639455782312 %,80 %,75 %,83.92857142857143 %,61.838624338624335 %,52.77777777777778 %,64.16666666666667 %,21.66666666666667 %,64.70588235294117 %,78.09523809523809 %,31.717171717171716 %,53.68055555555556 %
250,France,46.156462585034014 %,50.74404761904761 %,71.79487179487178 %,55.820105820105816 %,33.33333333333333 %,65.98639455782312 %,80 %,83.33333333333334 %,83.92857142857143 %,71.56084656084656 %,51.87830687830688 %,64.16666666666667 %,20.999999999999996 %,65.88235294117646 %,65.5952380952381 %,40.303030303030305 %,48.05555555555556 %
254,French Guiana,13.095238095238097 %,9.583333333333332 %,5.384615384615384 %,0 %,0 %,29.613095238095234 %,20 %,2.7777777777777777 %,4.166666666666666 %,12.5 %,5.555555555555555 %,28.257575757575758 %,0 %,14.117647058823529 %,51.24999999999999 %,2.7777777777777777 %,9.444444444444445 %
258,French Polynesia,7.142857142857142 %,12.20238095238095 %,5.384615384615384 %,0 %,0 %,23.809523809523807 %,90 %,29.166666666666668 %,18.75 %,12.5 %,5.555555555555555 %,27.27272727272727 %,0 %,21.176470588235293 %,49.583333333333336 %,4.166666666666666 %,38.24074074074073 %
260,French Southern Territories,0 %,0 %,0 %,0 %,0 %,5.952380952380952 %,0 %,0 %,0 %,10 %,0 %,0 %,0 %,10.588235294117647 %,26.805555555555554 %,0 %,5.555555555555555 %
266,Gabon,13.333333333333334 %,48.45238095238095 %,55.769230769230774 %,15.666666666666668 %,4.166666666666666 %,62.05357142857143 %,100 %,41.66666666666667 %,45.3125 %,35.833333333333336 %,11.11111111111111 %,30.909090909090907 %,5 %,14.117647058823529 %,57.26190476190476 %,20.138888888888886 %,66.9753086419753 %
270,Gambia,42.15986394557823 %,48.45238095238095 %,69.23076923076923 %,49.714285714285715 %,6.944444444444445 %,77.08333333333334 %,100 %,66.66666666666666 %,46.875 %,48.33333333333333 %,25.264550264550262 %,40 %,16.666666666666668 %,34.11764705882353 %,53.095238095238095 %,22.5 %,76.69753086419753 %
268,Georgia,61.07142857142858 %,55.952380952380956 %,71.53846153846153 %,54.57142857142857 %,27.77777777777778 %,78.42261904761905 %,100 %,64.58333333333334 %,92.1875 %,49.58333333333333 %,44.99999999999999 %,41.36363636363637 %,21.66666666666667 %,44.70588235294118 %,71.54761904761905 %,27.175925925925924 %,73.3641975308642 %
276,Germany,44.642857142857146 %,56.99404761904761 %,71.79487179487178 %,55.820105820105816 %,22.22222222222222 %,66.58163265306123 %,80 %,79.16666666666666 %,83.92857142857143 %,65.0132275132275 %,32.407407407407405 %,64.16666666666667 %,10.555555555555554 %,75.88235294117646 %,46.547619047619044 %,37.777777777777786 %,47.013888888888886 %
288,Ghana,34.81292517006803 %,58.03571428571429 %,74.35897435897435 %,51.14285714285713 %,8.333333333333332 %,77.67857142857143 %,100 %,56.25 %,51.5625 %,44.404761904761905 %,33.2010582010582 %,44.772727272727266 %,21.66666666666667 %,44.70588235294118 %,61.42857142857142 %,28.055555555555557 %,71.69753086419752 %
292,Gibraltar,8.571428571428571 %,0 %,0 %,22.96296296296296 %,0 %,25.850340136054417 %,30 %,2.7777777777777777 %,19.047619047619047 %,13.88888888888889 %,11.11111111111111 %,16.666666666666664 %,0 %,14.117647058823529 %,27.083333333333332 %,0 %,8.333333333333332 %
300,Greece,38.0952380952381 %,56.99404761904761 %,70.83333333333333 %,48.73015873015872 %,20.833333333333336 %,68.36734693877553 %,80 %,83.33333333333334 %,83.92857142857143 %,55.092592592592595 %,11.11111111111111 %,52.04545454545454 %,5 %,54.70588235294118 %,72.3809523809524 %,26.666666666666668 %,43.888888888888886 %
304,Greenland,16.666666666666664 %,9.583333333333332 %,5.769230769230769 %,0 %,0 %,18.197278911564624 %,50 %,12.5 %,25 %,13.88888888888889 %,5.555555555555555 %,18.181818181818183 %,0 %,21.176470588235293 %,32.916666666666664 %,10.606060606060606 %,20.208333333333332 %
308,Grenada,19.28571428571429 %,35.535714285714285 %,52.43589743589744 %,44.142857142857146 %,18.055555555555554 %,54.01785714285714 %,100 %,42.70833333333333 %,35.9375 %,37.083333333333336 %,5.555555555555555 %,19.318181818181817 %,5 %,24.705882352941178 %,49.345238095238095 %,22.22222222222222 %,67.28395061728395 %
312,Guadeloupe,16.666666666666664 %,5.416666666666667 %,3.8461538461538463 %,0 %,0 %,23.809523809523807 %,20 %,2.7777777777777777 %,1.5625 %,2.5 %,5.555555555555555 %,19.393939393939394 %,0 %,14.117647058823529 %,51.24999999999999 %,2.7777777777777777 %,9.444444444444445 %
316,Guam,7.142857142857142 %,13.333333333333334 %,5.384615384615384 %,0 %,0 %,23.809523809523807 %,50 %,21.527777777777775 %,9.895833333333332 %,12.5 %,5.555555555555555 %,25.757575757575758 %,0 %,11.76470588235294 %,27.083333333333332 %,2.7777777777777777 %,22.037037037037038 %
320,Guatemala,37.26190476190476 %,57.61904761904763 %,69.61538461538463 %,43.19047619047619 %,36.11111111111111 %,66.22023809523809 %,100 %,55.208333333333336 %,64.0625 %,45.83333333333333 %,30.555555555555557 %,42.04545454545455 %,21.66666666666667 %,44.70588235294118 %,69.76190476190474 %,28.611111111111114 %,76.69753086419753 %
831,Guernsey,0 %,0 %,0 %,0 %,0 %,6.802721088435374 %,20 %,0 %,9.523809523809524 %,0 %,5.555555555555555 %,9.090909090909092 %,0 %,11.76470588235294 %,22.916666666666664 %,3.03030303030303 %,2.083333333333333 %
324,Guinea,13.333333333333334 %,53.86904761904761 %,59.61538461538461 %,39.04761904761905 %,15.277777777777779 %,58.92857142857143 %,100 %,54.166666666666664 %,32.8125 %,39.583333333333336 %,11.11111111111111 %,40 %,0 %,44.117647058823536 %,75.71428571428571 %,23.472222222222225 %,68.54938271604938 %
624,Guinea-Bissau,24.608843537414966 %,50.535714285714285 %,64.1025641025641 %,10 %,4.166666666666666 %,69.64285714285714 %,100 %,42.70833333333333 %,31.25 %,35.833333333333336 %,16.87830687830688 %,30.909090909090907 %,4.666666666666666 %,24.117647058823525 %,51.01190476190476 %,22.962962962962965 %,58.45679012345679 %
328,Guyana,20.476190476190474 %,45.11904761904762 %,67.6923076923077 %,44.00000000000001 %,9.722222222222223 %,65.47619047619048 %,100 %,72.91666666666666 %,53.125 %,30.833333333333336 %,11.11111111111111 %,40 %,0 %,34.705882352941174 %,54.88095238095237 %,29.305555555555557 %,64.66049382716048 %
332,Haiti,18.095238095238095 %,52.202380952380956 %,55.512820512820504 %,15.666666666666668 %,2.7777777777777777 %,53.125 %,100 %,33.33333333333333 %,46.875 %,30.833333333333336 %,11.11111111111111 %,37.272727272727266 %,0 %,24.117647058823525 %,57.38095238095238 %,21.296296296296298 %,58.54938271604938 %
334,Heard Island and McDonald Islands,0 %,0 %,0 %,0 %,0 %,5.442176870748299 %,0 %,0 %,0 %,11.11111111111111 %,0 %,0 %,0 %,11.176470588235295 %,26.805555555555554 %,0 %,0 %
336,Holy See,0 %,0 %,3.8461538461538463 %,18.148148148148145 %,0 %,5.442176870748299 %,0 %,0 %,0 %,2.7777777777777777 %,5.555555555555555 %,0.9090909090909092 %,0 %,0 %,24.166666666666668 %,3.03030303030303 %,8.333333333333332 %
340,Honduras,48.333333333333336 %,53.45238095238095 %,67.6923076923077 %,46.047619047619044 %,22.22222222222222 %,76.63690476190477 %,100 %,72.91666666666666 %,67.1875 %,57.08333333333333 %,14.814814814814813 %,40 %,11.666666666666666 %,54.117647058823536 %,67.38095238095238 %,27.916666666666668 %,76.69753086419753 %
348,Hungary,51.44557823129252 %,50.74404761904761 %,69.87179487179486 %,55.820105820105816 %,22.22222222222222 %,75.51020408163266 %,80 %,83.33333333333334 %,82.14285714285714 %,62.03703703703704 %,29.338624338624335 %,61.81818181818181 %,21.66666666666667 %,20 %,78.09523809523809 %,32.22222222222222 %,45.34722222222222 %
352,Iceland,38.0952380952381 %,43.24404761904762 %,66.02564102564101 %,47.248677248677254 %,22.22222222222222 %,56.4625850340136 %,80 %,79.16666666666666 %,83.92857142857143 %,50.92592592592592 %,22.22222222222222 %,60.22727272727273 %,5 %,65.88235294117646 %,50.71428571428571 %,17.626262626262623 %,57.013888888888886 %
356,India,41.547619047619044 %,52.083333333333336 %,65.5128205128205 %,54 %,23.61111111111111 %,68.30357142857143 %,100 %,67.70833333333334 %,82.8125 %,63.33333333333333 %,22.407407407407405 %,51.36363636363637 %,20.333333333333332 %,54.70588235294118 %,78.09523809523809 %,30.555555555555554 %,71.51234567901236 %
360,Indonesia,62.43197278911564 %,75.00000000000001 %,79.23076923076923 %,59.57142857142856 %,20.833333333333336 %,72.47023809523809 %,100 %,68.75 %,82.8125 %,55.833333333333336 %,33.2010582010582 %,49.31818181818181 %,21.66666666666667 %,64.70588235294117 %,59.04761904761905 %,32.77777777777778 %,71.41975308641976 %
364,Iran (Islamic Republic of),24.047619047619047 %,52.61904761904762 %,70.25641025641025 %,63.0952380952381 %,30.555555555555557 %,67.26190476190477 %,100 %,42.70833333333333 %,81.25 %,38.333333333333336 %,16.666666666666664 %,40 %,0 %,34.11764705882353 %,50.71428571428571 %,12.5 %,60.49382716049383 %
368,Iraq,16.768707482993197 %,50.535714285714285 %,67.05128205128203 %,25.666666666666664 %,26.38888888888889 %,70.23809523809523 %,100 %,46.875 %,71.875 %,38.333333333333336 %,14.920634920634921 %,40.45454545454545 %,3.9999999999999996 %,21.176470588235293 %,61.42857142857142 %,18.680555555555557 %,62.80864197530865 %
372,Ireland,52.61904761904762 %,50.74404761904761 %,68.9102564102564 %,47.98941798941799 %,33.33333333333333 %,68.36734693877553 %,80 %,70.83333333333334 %,69.64285714285714 %,50.92592592592592 %,40.833333333333336 %,64.16666666666667 %,20.999999999999996 %,65.88235294117646 %,67.38095238095238 %,21.363636363636367 %,48.05555555555556 %
833,Isle of Man,8.333333333333334 %,0 %,0 %,0 %,0 %,30.612244897959183 %,30 %,2.7777777777777777 %,0 %,0 %,5.555555555555555 %,16.666666666666664 %,0 %,10 %,47.91666666666667 %,6.06060606060606 %,2.7083333333333335 %
376,Israel,27.142857142857142 %,56.57738095238095 %,65.25641025641026 %,56.56084656084656 %,33.33333333333333 %,59.43877551020408 %,80 %,62.5 %,76.78571428571429 %,64.81481481481481 %,47.77777777777777 %,53.86363636363636 %,5 %,14.705882352941178 %,59.04761904761905 %,25.277777777777782 %,44.201388888888886 %
380,Italy,43.57142857142857 %,53.34821428571429 %,71.79487179487178 %,55.820105820105816 %,22.22222222222222 %,61.22448979591838 %,80 %,79.16666666666666 %,83.92857142857143 %,63.42592592592592 %,22.037037037037038 %,63.257575757575765 %,12.999999999999998 %,74.70588235294117 %,76.42857142857142 %,24.646464646464647 %,43.888888888888886 %
388,Jamaica,35.57823129251701 %,50.11904761904762 %,65.5128205128205 %,63.33333333333334 %,29.166666666666668 %,52.45535714285714 %,100 %,59.375 %,51.5625 %,43.33333333333333 %,16.587301587301585 %,40.68181818181818 %,12 %,44.70588235294118 %,61.42857142857142 %,26.620370370370367 %,72.1604938271605 %
392,Japan,34.88095238095238 %,58.03571428571429 %,71.02564102564102 %,26.87830687830688 %,44.44444444444444 %,60.79931972789115 %,80 %,68.75 %,83.92857142857143 %,32.870370370370374 %,32.77777777777778 %,63.257575757575765 %,21.66666666666667 %,63.52941176470589 %,53.095238095238095 %,23.282828282828287 %,52.63888888888888 %
832,Jersey,0 %,0 %,0 %,0 %,0 %,6.802721088435374 %,20 %,0 %,9.523809523809524 %,0 %,5.555555555555555 %,9.090909090909092 %,0 %,11.176470588235295 %,37.916666666666664 %,3.03030303030303 %,2.083333333333333 %
400,Jordan,36.30952380952381 %,46.36904761904762 %,66.7948717948718 %,57.38095238095238 %,27.77777777777778 %,75.44642857142858 %,100 %,68.75 %,73.4375 %,52.08333333333333 %,30.555555555555557 %,52.27272727272727 %,21.66666666666667 %,0.5882352941176471 %,58.0952380952381 %,23.611111111111114 %,71.41975308641976 %
398,Kazakhstan,64.64285714285715 %,51.577380952380956 %,69.35897435897435 %,56.714285714285715 %,29.166666666666668 %,73.36309523809523 %,100 %,63.541666666666664 %,81.25 %,52.916666666666664 %,30.555555555555557 %,56.13636363636364 %,21.66666666666667 %,2.2058823529411766 %,59.04761904761905 %,26.990740740740744 %,71.51234567901236 %
404,Kenya,36.98979591836735 %,60.11904761904761 %,76.92307692307693 %,54 %,31.944444444444443 %,70.38690476190477 %,100 %,42.70833333333333 %,60.9375 %,61.904761904761905 %,25.48941798941799 %,40.45454545454545 %,6 %,55.294117647058826 %,50.71428571428571 %,29.444444444444446 %,78.73456790123457 %
296,Kiribati,31.64965986394558 %,48.035714285714285 %,56.282051282051285 %,42.61904761904762 %,6.944444444444445 %,45.68452380952381 %,100 %,39.58333333333333 %,37.5 %,25.833333333333336 %,24.735449735449734 %,39.090909090909086 %,16.666666666666668 %,14.117647058823529 %,37.67857142857143 %,16.666666666666664 %,66.60493827160494 %
414,Kuwait,28.31632653061225 %,35.327380952380956 %,59.48717948717949 %,45.33333333333333 %,18.055555555555554 %,40.773809523809526 %,80 %,31.25 %,71.875 %,41.904761904761905 %,24.735449735449734 %,54.090909090909086 %,21.66666666666667 %,44.70588235294118 %,51.964285714285715 %,22.777777777777782 %,47.0679012345679 %
417,Kyrgyzstan,62.26190476190476 %,58.03571428571429 %,75.38461538461537 %,48.38095238095238 %,18.055555555555554 %,76.48809523809523 %,100 %,55.208333333333336 %,75 %,48.33333333333333 %,30.555555555555557 %,42.5 %,16.666666666666668 %,12.5 %,59.04761904761905 %,31.666666666666664 %,73.27160493827161 %
418,Lao People's Democratic Republic,19.28571428571429 %,54.285714285714285 %,67.6923076923077 %,38.42857142857142 %,6.944444444444445 %,77.00892857142858 %,100 %,70.83333333333334 %,59.375 %,30.833333333333336 %,11.11111111111111 %,40 %,5 %,0 %,65.71428571428571 %,20.833333333333336 %,75.12345679012346 %
428,Latvia,41.66666666666667 %,54.49404761904761 %,73.71794871794872 %,61.32275132275132 %,22.22222222222222 %,68.36734693877553 %,80 %,75 %,83.92857142857143 %,66.2037037037037 %,16.666666666666664 %,55.07575757575758 %,5 %,54.117647058823536 %,59.04761904761905 %,32.22222222222222 %,38.05555555555556 %
422,Lebanon,33.92857142857143 %,55.952380952380956 %,62.05128205128205 %,41.80952380952381 %,15.277777777777779 %,72.17261904761905 %,90 %,45.83333333333333 %,60.9375 %,40.833333333333336 %,29.166666666666668 %,40 %,21.66666666666667 %,34.11764705882353 %,58.0952380952381 %,23.194444444444446 %,69.4753086419753 %
426,Lesotho,16.904761904761905 %,49.285714285714285 %,59.35897435897435 %,42.00000000000001 %,15.277777777777779 %,78.94345238095238 %,100 %,37.5 %,37.5 %,43.33333333333333 %,11.11111111111111 %,40.45454545454545 %,5 %,0 %,59.345238095238095 %,20.833333333333336 %,70.77160493827161 %
430,Liberia,26.751700680272112 %,44.702380952380956 %,63.46153846153846 %,47.61904761904761 %,9.722222222222223 %,57.217261904761905 %,100 %,51.041666666666664 %,31.25 %,30.833333333333336 %,29.65608465608465 %,30.909090909090907 %,17.666666666666668 %,14.117647058823529 %,58.0952380952381 %,24.95370370370371 %,64.93827160493828 %
434,Libya,13.095238095238097 %,49.702380952380956 %,46.666666666666664 %,10 %,4.166666666666666 %,51.488095238095234 %,90 %,33.33333333333333 %,46.875 %,28.333333333333332 %,11.11111111111111 %,40 %,0 %,24.117647058823525 %,56.01190476190476 %,17.708333333333336 %,48.17901234567901 %
438,Liechtenstein,13.095238095238097 %,4.166666666666666 %,7.6923076923076925 %,6.296296296296296 %,5.555555555555555 %,56.207482993197274 %,30 %,12.5 %,21.428571428571427 %,17.59259259259259 %,11.11111111111111 %,43.409090909090914 %,5 %,0 %,39.82142857142857 %,10.606060606060606 %,18.541666666666668 %
440,Lithuania,49.4047619047619 %,56.99404761904761 %,71.79487179487178 %,69.25925925925927 %,33.33333333333333 %,75.51020408163266 %,80 %,79.16666666666666 %,83.92857142857143 %,68.98148148148148 %,30.925925925925924 %,55.07575757575758 %,21.66666666666667 %,47.05882352941176 %,69.76190476190474 %,37.02020202020203 %,44.93055555555556 %
442,Luxembourg,33.214285714285715 %,49.49404761904762 %,71.79487179487178 %,56.666666666666664 %,22.22222222222222 %,59.863945578231295 %,80 %,75 %,67.85714285714286 %,62.03703703703704 %,30.277777777777782 %,61.81818181818181 %,6.999999999999999 %,20 %,59.88095238095238 %,30.1010101010101 %,48.68055555555555 %
450,Madagascar,26.513605442176875 %,58.03571428571429 %,78.2051282051282 %,45.476190476190474 %,15.277777777777779 %,77.67857142857143 %,100 %,46.875 %,59.375 %,40.833333333333336 %,20.3968253968254 %,40 %,6 %,54.117647058823536 %,76.42857142857142 %,21.805555555555557 %,77.99382716049384 %
454,Malawi,50.11904761904762 %,72.61904761904762 %,76.92307692307693 %,44.04761904761905 %,27.77777777777778 %,75.89285714285714 %,100 %,64.58333333333334 %,46.875 %,50.83333333333333 %,30.09259259259259 %,40 %,16.666666666666668 %,25.735294117647058 %,76.42857142857142 %,19.305555555555557 %,74.93827160493827 %
458,Malaysia,53.656462585034014 %,55.95238095238094 %,75.3846153846154 %,54.666666666666664 %,27.77777777777778 %,67.26190476190477 %,100 %,68.75 %,89.0625 %,56.904761904761905 %,34.1931216931217 %,55.22727272727273 %,21.66666666666667 %,54.70588235294118 %,78.09523809523809 %,34.16666666666667 %,66.60493827160494 %
462,Maldives,34.89795918367347 %,41.785714285714285 %,61.66666666666666 %,51.23809523809524 %,11.11111111111111 %,44.791666666666664 %,100 %,56.25 %,40.625 %,45.83333333333333 %,16.19047619047619 %,40 %,10.333333333333332 %,44.70588235294118 %,39.345238095238095 %,22.083333333333332 %,69.5679012345679 %
466,Mali,38.92857142857143 %,72.61904761904762 %,76.28205128205127 %,33.333333333333336 %,5.555555555555555 %,67.63392857142858 %,100 %,51.041666666666664 %,46.875 %,45.83333333333333 %,12.222222222222223 %,40 %,1.9999999999999998 %,25 %,53.214285714285715 %,18.26388888888889 %,76.04938271604938 %
470,Malta,34.523809523809526 %,49.49404761904762 %,67.94871794871794 %,59.1005291005291 %,19.444444444444446 %,52.04081632653062 %,80 %,64.58333333333334 %,83.92857142857143 %,53.703703703703695 %,16.666666666666664 %,61.13636363636363 %,5 %,44.70588235294118 %,32.67857142857143 %,26.81818181818182 %,37.74305555555556 %
584,Marshall Islands,33.92857142857143 %,22.916666666666668 %,35.128205128205124 %,47 %,8.333333333333332 %,42.55952380952381 %,100 %,52.083333333333336 %,29.166666666666668 %,25.833333333333336 %,28.703703703703702 %,30.909090909090907 %,16.666666666666668 %,41.76470588235294 %,36.96428571428571 %,15.972222222222223 %,51.60493827160494 %
474,Martinique,16.666666666666664 %,5.416666666666667 %,3.8461538461538463 %,0 %,0 %,24.404761904761905 %,20 %,11.11111111111111 %,5.729166666666666 %,2.5 %,5.555555555555555 %,28.484848484848484 %,0 %,14.117647058823529 %,53.333333333333336 %,0 %,9.444444444444445 %
478,Mauritania,18.095238095238095 %,57.61904761904763 %,67.94871794871794 %,42.714285714285715 %,4.166666666666666 %,53.720238095238095 %,100 %,46.875 %,37.5 %,34.583333333333336 %,11.11111111111111 %,30.909090909090907 %,5 %,24.117647058823525 %,59.04761904761905 %,19.86111111111111 %,69.4753086419753 %
480,Mauritius,30.799319727891156 %,65.11904761904762 %,66.15384615384615 %,63.33333333333334 %,30.555555555555557 %,42.55952380952381 %,100 %,71.875 %,76.5625 %,42.08333333333333 %,37.804232804232804 %,54.77272727272727 %,21.66666666666667 %,54.70588235294118 %,59.345238095238095 %,24.02777777777778 %,72.71604938271605 %
175,Mayotte,7.142857142857142 %,0 %,5.384615384615384 %,0 %,0 %,23.809523809523807 %,20 %,2.7777777777777777 %,5.729166666666666 %,12.5 %,11.11111111111111 %,12.12121212121212 %,0 %,11.176470588235295 %,31.66666666666667 %,0 %,9.444444444444445 %
484,Mexico,60.83333333333334 %,72.61904761904762 %,77.30769230769229 %,70.14285714285714 %,19.444444444444446 %,82.36607142857143 %,100 %,72.91666666666666 %,82.8125 %,72.08333333333333 %,48.33333333333333 %,49.09090909090909 %,21.66666666666667 %,64.70588235294117 %,73.92857142857142 %,51.52777777777777 %,72.1604938271605 %
583,Micronesia (Federated States of),32.39795918367347 %,22.61904761904762 %,45.38461538461539 %,36.333333333333336 %,4.166666666666666 %,23.660714285714285 %,100 %,29.166666666666668 %,31.25 %,32.97619047619048 %,20.634920634920636 %,30 %,16.666666666666668 %,24.117647058823525 %,45.29761904761905 %,16.435185185185183 %,50.49382716049382 %
492,Monaco,21.071428571428573 %,4.166666666666666 %,25 %,22.96296296296296 %,4.166666666666666 %,44.89795918367347 %,20 %,12.5 %,23.214285714285715 %,6.481481481481481 %,30.555555555555557 %,32.95454545454545 %,21.66666666666667 %,1.1764705882352942 %,28.92857142857143 %,8.585858585858585 %,18.645833333333332 %
496,Mongolia,61.564625850340136 %,64.80654761904762 %,65.5128205128205 %,56.95238095238094 %,33.33333333333333 %,76.48809523809523 %,100 %,75 %,78.125 %,40.833333333333336 %,26.283068783068785 %,50 %,20.999999999999996 %,0 %,78.09523809523809 %,29.583333333333332 %,73.4567901234568 %
499,Montenegro,49.13265306122449 %,50.74404761904761 %,62.17948717948717 %,48.73015873015872 %,19.444444444444446 %,73.12925170068027 %,100 %,46.875 %,58.92857142857143 %,39.81481481481482 %,32.80423280423281 %,36.81818181818181 %,19.444444444444446 %,34.11764705882353 %,61.42857142857142 %,16.767676767676768 %,49.40972222222222 %
500,Montserrat,10.95238095238095 %,11.666666666666666 %,19.48717948717949 %,34.904761904761905 %,0 %,22.61904761904762 %,60 %,25 %,22.916666666666664 %,25.833333333333336 %,5.555555555555555 %,22.727272727272727 %,0 %,21.176470588235293 %,39.58333333333333 %,2.7777777777777777 %,32.407407407407405 %
504,Morocco,21.92176870748299 %,66.36904761904762 %,57.43589743589743 %,55.333333333333336 %,29.166666666666668 %,78.57142857142858 %,100 %,55.208333333333336 %,64.0625 %,44.404761904761905 %,22.023809523809522 %,49.09090909090909 %,15 %,44.70588235294118 %,75.71428571428571 %,24.90740740740741 %,71.23456790123457 %
508,Mozambique,34.01360544217687 %,51.36904761904763 %,64.74358974358974 %,20.666666666666664 %,15.277777777777779 %,53.720238095238095 %,100 %,54.166666666666664 %,48.4375 %,40.833333333333336 %,17.989417989417987 %,40 %,11.666666666666666 %,24.705882352941178 %,67.38095238095238 %,20.555555555555557 %,75.58641975308642 %
104,Myanmar,57.46598639455781 %,58.03571428571429 %,68.97435897435896 %,51.23809523809524 %,9.722222222222223 %,76.63690476190477 %,100 %,72.91666666666666 %,85.9375 %,40.833333333333336 %,28.822751322751323 %,41.13636363636364 %,15.333333333333332 %,44.117647058823536 %,69.76190476190474 %,30.34722222222222 %,74.01234567901234 %
516,Namibia,37.15986394557822 %,58.03571428571429 %,57.05128205128205 %,43.42857142857143 %,19.444444444444446 %,61.904761904761905 %,100 %,67.70833333333334 %,64.0625 %,43.33333333333333 %,28.968253968253972 %,40 %,21.66666666666667 %,44.70588235294118 %,61.42857142857142 %,25.277777777777782 %,66.79012345679013 %
520,Nauru,30.102040816326525 %,24.702380952380953 %,42.17948717948718 %,36.333333333333336 %,4.166666666666666 %,22.61904761904762 %,100 %,16.666666666666664 %,34.375 %,25.833333333333336 %,24.365079365079367 %,20.909090909090907 %,15.999999999999998 %,31.176470588235293 %,36.96428571428571 %,12.5 %,45.432098765432094 %
524,Nepal,36.07142857142858 %,55.53571428571429 %,80.51282051282051 %,41.9047619047619 %,27.77777777777778 %,69.04761904761905 %,100 %,51.041666666666664 %,53.125 %,44.58333333333333 %,30.555555555555557 %,40.22727272727273 %,16.666666666666668 %,12.5 %,75.71428571428571 %,27.916666666666668 %,77.1604938271605 %
528,Netherlands (Kingdom of the),47.61904761904761 %,56.99404761904761 %,66.02564102564101 %,55.079365079365076 %,33.33333333333333 %,59.523809523809526 %,80 %,79.16666666666666 %,83.92857142857143 %,71.56084656084656 %,27.314814814814813 %,64.16666666666667 %,11.666666666666666 %,75.88235294117646 %,59.04761904761905 %,34.74747474747475 %,47.43055555555556 %
530,Netherlands Antilles  [former],0 %,0 %,0 %,0 %,0 %,0 %,0 %,1.3888888888888888 %,0 %,0 %,0 %,1.515151515151515 %,0 %,0 %,0 %,0 %,0 %
540,New Caledonia,8.333333333333334 %,18.45238095238095 %,5.384615384615384 %,10.666666666666666 %,1.3888888888888888 %,23.809523809523807 %,90 %,31.25 %,26.5625 %,12.5 %,5.555555555555555 %,27.27272727272727 %,0 %,11.176470588235295 %,32.916666666666664 %,4.166666666666666 %,30.185185185185187 %
554,New Zealand,37.58503401360544 %,39.910714285714285 %,66.02564102564101 %,18.730158730158728 %,16.666666666666664 %,62.58503401360544 %,80 %,66.66666666666666 %,83.92857142857143 %,43.98148148148148 %,28.730158730158735 %,53.25757575757576 %,20.999999999999996 %,74.70588235294117 %,69.76190476190474 %,23.686868686868685 %,55.76388888888888 %
558,Nicaragua,25 %,49.70238095238095 %,55.512820512820504 %,15.714285714285714 %,4.166666666666666 %,57.886904761904766 %,100 %,46.875 %,57.8125 %,45.83333333333333 %,13.333333333333334 %,30.909090909090907 %,0 %,44.70588235294118 %,67.38095238095238 %,23.333333333333336 %,68.91975308641976 %
562,Niger,35.357142857142854 %,57.61904761904763 %,72.43589743589743 %,63.33333333333334 %,4.166666666666666 %,65.32738095238095 %,100 %,38.54166666666667 %,59.375 %,43.33333333333333 %,30.555555555555557 %,41.13636363636364 %,16.666666666666668 %,0 %,50.71428571428571 %,24.583333333333332 %,70.8641975308642 %
566,Nigeria,31.428571428571423 %,68.03571428571429 %,80.51282051282051 %,27.666666666666668 %,23.61111111111111 %,78.19940476190477 %,100 %,64.58333333333334 %,51.5625 %,59.583333333333336 %,16.666666666666664 %,49.09090909090909 %,5 %,24.705882352941178 %,78.09523809523809 %,31.851851851851848 %,66.0493827160494 %
570,Niue,7.142857142857142 %,17.619047619047617 %,31.28205128205128 %,35.666666666666664 %,5.555555555555555 %,35.11904761904761 %,80 %,19.444444444444443 %,27.083333333333332 %,25.833333333333336 %,5.555555555555555 %,13.939393939393938 %,0 %,1.1764705882352942 %,36.96428571428571 %,12.5 %,20.833333333333336 %
574,Norfolk Island,0 %,0 %,0 %,0 %,0 %,6.802721088435374 %,0 %,1.3888888888888888 %,0 %,11.11111111111111 %,5.555555555555555 %,1.515151515151515 %,0 %,11.176470588235295 %,22.916666666666664 %,0 %,2.083333333333333 %
807,North Macedonia,38.33333333333333 %,49.28571428571429 %,62.17948717948717 %,50.21164021164021 %,18.055555555555554 %,69.55782312925169 %,100 %,46.875 %,75 %,46.75925925925927 %,16.666666666666664 %,42.04545454545455 %,5 %,12.5 %,47.38095238095239 %,17.97979797979798 %,60.45138888888888 %
580,Northern Mariana Islands,7.142857142857142 %,9.166666666666668 %,5.384615384615384 %,0 %,0 %,22.619047619047617 %,30 %,2.7777777777777777 %,4.166666666666666 %,12.5 %,5.555555555555555 %,7.575757575757574 %,0 %,11.76470588235294 %,29.583333333333332 %,0 %,7.592592592592593 %
578,Norway,45.83333333333333 %,56.99404761904761 %,69.87179487179486 %,55.820105820105816 %,33.33333333333333 %,68.36734693877553 %,80 %,70.83333333333334 %,83.92857142857143 %,68.58465608465607 %,53.333333333333336 %,64.16666666666667 %,15 %,65.88235294117646 %,65.5952380952381 %,27.171717171717173 %,53.57638888888888 %
512,Oman,14.523809523809526 %,38.86904761904762 %,70.25641025641025 %,45.33333333333333 %,19.444444444444446 %,52.529761904761905 %,80 %,39.58333333333333 %,73.4375 %,30 %,16.666666666666664 %,45.68181818181819 %,5 %,64.70588235294117 %,47.67857142857143 %,22.87037037037037 %,44.01234567901235 %
586,Pakistan,46.88775510204082 %,65.95238095238095 %,73.2051282051282 %,54.095238095238095 %,34.72222222222222 %,70.38690476190476 %,100 %,61.458333333333336 %,76.5625 %,58.33333333333333 %,29.550264550264554 %,49.09090909090909 %,20.333333333333332 %,44.70588235294118 %,72.3809523809524 %,23.472222222222225 %,66.32716049382715 %
585,Palau,30.102040816326525 %,23.333333333333332 %,46.666666666666664 %,20 %,4.166666666666666 %,36.30952380952381 %,100 %,31.25 %,27.083333333333332 %,25.833333333333336 %,24.365079365079367 %,30 %,15.999999999999998 %,44.70588235294118 %,47.67857142857143 %,20.138888888888886 %,54.47530864197532 %
591,Panama,56.173469387755105 %,51.78571428571429 %,67.6923076923077 %,59.47619047619048 %,19.444444444444446 %,64.65773809523809 %,100 %,75 %,79.6875 %,55.654761904761905 %,21.58730158730159 %,53.25757575757576 %,11.000000000000002 %,44.70588235294118 %,59.76190476190476 %,27.361111111111114 %,64.01234567901236 %
598,Papua New Guinea,31.15646258503401 %,49.28571428571429 %,63.20512820512819 %,21.333333333333332 %,4.166666666666666 %,57.886904761904766 %,100 %,33.33333333333333 %,35.9375 %,35.833333333333336 %,25.211640211640212 %,30 %,19.666666666666668 %,14.117647058823529 %,48.63095238095238 %,19.444444444444446 %,69.38271604938272 %
600,Paraguay,54.96598639455782 %,63.03571428571429 %,62.30769230769231 %,58.04761904761905 %,27.77777777777778 %,81.69642857142858 %,100 %,67.70833333333334 %,62.5 %,57.08333333333333 %,19.841269841269842 %,43.03030303030303 %,11.666666666666666 %,0 %,55.714285714285715 %,29.444444444444446 %,73.91975308641976 %
604,Peru,57.7891156462585 %,63.86904761904763 %,79.23076923076923 %,57.47619047619048 %,34.72222222222222 %,77.15773809523809 %,100 %,68.75 %,76.5625 %,67.08333333333333 %,35.978835978835974 %,53.18181818181817 %,20.999999999999996 %,64.70588235294117 %,78.09523809523809 %,54.30555555555555 %,83.82716049382715 %
608,Philippines,65.52721088435375 %,60.11904761904761 %,73.46153846153847 %,61.66666666666666 %,25 %,71.42857142857143 %,100 %,67.70833333333334 %,82.8125 %,53.333333333333336 %,27.182539682539687 %,54.39393939393939 %,16.666666666666668 %,64.70588235294117 %,78.09523809523809 %,29.166666666666668 %,77.43827160493827 %
612,Pitcairn,0 %,0 %,0 %,0 %,0 %,5.952380952380952 %,0 %,1.3888888888888888 %,0 %,10 %,5.555555555555555 %,1.515151515151515 %,0 %,11.176470588235295 %,21.25 %,0 %,6.481481481481483 %
616,Poland,52.12585034013605 %,52.827380952380956 %,72.75641025641025 %,67.67195767195767 %,22.22222222222222 %,68.36734693877553 %,80 %,79.16666666666666 %,83.92857142857143 %,67.5925925925926 %,38.80952380952381 %,64.16666666666667 %,15 %,75.88235294117646 %,78.09523809523809 %,38.03030303030303 %,45.97222222222223 %
620,Portugal,47.73809523809524 %,56.99404761904761 %,67.94871794871794 %,67.67195767195767 %,20.833333333333336 %,64.20068027210884 %,80 %,83.33333333333334 %,83.92857142857143 %,59.06084656084656 %,45.00000000000001 %,64.16666666666667 %,19 %,75.88235294117646 %,58.0952380952381 %,23.13131313131313 %,47.013888888888886 %
630,Puerto Rico,16.666666666666664 %,14.702380952380953 %,9.23076923076923 %,16.333333333333332 %,0 %,42.11309523809524 %,70 %,31.25 %,32.8125 %,15 %,5.555555555555555 %,36.36363636363637 %,0 %,14.705882352941178 %,35 %,5.555555555555555 %,22.314814814814817 %
634,Qatar,30.59523809523809 %,30.833333333333336 %,66.7948717948718 %,51 %,18.055555555555554 %,50.89285714285714 %,80 %,43.75 %,67.1875 %,34.583333333333336 %,41.66666666666667 %,53.63636363636364 %,16.666666666666668 %,37.05882352941177 %,53.63095238095238 %,16.85185185185185 %,49.5679012345679 %
410,Republic of Korea,30.91836734693878 %,57.82738095238095 %,73.2051282051282 %,59.57142857142856 %,30.555555555555557 %,58.63095238095239 %,80 %,54.166666666666664 %,73.4375 %,58.33333333333333 %,29.100529100529098 %,57.8030303030303 %,20.999999999999996 %,27.058823529411768 %,65.5952380952381 %,33.7962962962963 %,52.160493827160494 %
498,Republic of Moldova,40.238095238095234 %,53.45238095238095 %,69.87179487179486 %,54.33862433862434 %,25 %,65.98639455782312 %,100 %,80.55555555555554 %,75 %,49.53703703703704 %,13.333333333333334 %,46.81818181818182 %,5 %,0 %,59.04761904761905 %,23.232323232323235 %,68.36805555555556 %
638,Réunion,7.142857142857142 %,5.416666666666667 %,3.8461538461538463 %,0 %,0 %,34.077380952380956 %,20 %,11.11111111111111 %,5.729166666666666 %,2.5 %,11.11111111111111 %,28.484848484848484 %,0 %,14.117647058823529 %,51.24999999999999 %,0 %,9.444444444444445 %
642,Romania,50 %,54.91071428571428 %,66.98717948717949 %,47.98941798941799 %,33.33333333333333 %,66.58163265306123 %,80 %,62.5 %,83.92857142857143 %,63.42592592592592 %,33.33333333333333 %,61.13636363636363 %,18.333333333333332 %,64.70588235294117 %,61.42857142857142 %,38.28282828282829 %,51.07638888888888 %
643,Russian Federation,63.45238095238095 %,46.160714285714285 %,72.75641025641025 %,48.730158730158735 %,18.055555555555554 %,59.43877551020408 %,80 %,64.58333333333334 %,73.21428571428571 %,52.314814814814824 %,29.074074074074076 %,50.45454545454545 %,21.66666666666667 %,44.70588235294118 %,44.76190476190476 %,20.303030303030305 %,58.36805555555556 %
646,Rwanda,24.523809523809522 %,50.11904761904762 %,65.38461538461539 %,54 %,37.5 %,75.44642857142858 %,100 %,75 %,78.125 %,45.833333333333336 %,16.666666666666664 %,40.22727272727273 %,5 %,0 %,76.42857142857142 %,22.499999999999996 %,77.25308641975307 %
652,Saint Barthélemy,7.142857142857142 %,0 %,0 %,0 %,0 %,22.619047619047617 %,20 %,2.7777777777777777 %,0 %,0 %,0 %,12.12121212121212 %,0 %,11.176470588235295 %,26.25 %,0 %,0.9259259259259258 %
654,Saint Helena,7.142857142857142 %,6.25 %,2.564102564102564 %,10 %,0 %,22.619047619047617 %,40 %,6.944444444444444 %,25 %,13.333333333333334 %,5.555555555555555 %,3.03030303030303 %,0 %,11.176470588235295 %,37.91666666666667 %,0 %,20.833333333333336 %
659,Saint Kitts and Nevis,15.714285714285717 %,29.28571428571429 %,31.923076923076927 %,16.38095238095238 %,4.166666666666666 %,32.14285714285714 %,80 %,29.166666666666668 %,18.75 %,32.5 %,5.555555555555555 %,30.909090909090907 %,0 %,44.70588235294118 %,28.63095238095238 %,18.055555555555554 %,54.93827160493826 %
662,Saint Lucia,20.476190476190474 %,44.28571428571429 %,52.43589743589744 %,52 %,5.555555555555555 %,45.6845238095238 %,100 %,42.70833333333333 %,35.9375 %,35.833333333333336 %,11.11111111111111 %,41.59090909090909 %,5 %,14.705882352941178 %,57.67857142857142 %,26.38888888888889 %,67.80864197530865 %
663,Saint Martin (French Part),11.904761904761903 %,0 %,3.8461538461538463 %,0 %,0 %,23.809523809523807 %,30 %,2.7777777777777777 %,0 %,2.5 %,0 %,16.666666666666664 %,0 %,11.76470588235294 %,24.583333333333336 %,2.7777777777777777 %,2.222222222222222 %
666,Saint Pierre and Miquelon,16.666666666666664 %,0 %,3.8461538461538463 %,0 %,0 %,25.850340136054417 %,40 %,2.7777777777777777 %,0 %,13.88888888888889 %,5.555555555555555 %,12.12121212121212 %,0 %,11.176470588235295 %,26.25 %,0 %,2.083333333333333 %
670,Saint Vincent and the Grenadines,10.95238095238095 %,36.36904761904762 %,56.282051282051285 %,36.333333333333336 %,15.277777777777779 %,41.51785714285714 %,100 %,33.33333333333333 %,32.8125 %,35.833333333333336 %,5.555555555555555 %,21.818181818181817 %,0 %,44.70588235294118 %,56.96428571428571 %,22.453703703703702 %,70.30864197530863 %
882,Samoa,35.79931972789115 %,52.202380952380956 %,56.282051282051285 %,42.00000000000001 %,4.166666666666666 %,55.58035714285714 %,100 %,34.375 %,35.9375 %,39.583333333333336 %,27.71164021164021 %,35.45454545454545 %,16.666666666666668 %,44.70588235294118 %,45.29761904761905 %,21.52777777777778 %,77.43827160493827 %
674,San Marino,15.238095238095237 %,12.5 %,26.923076923076923 %,29.259259259259256 %,4.166666666666666 %,37.755102040816325 %,20 %,22.916666666666664 %,28.57142857142857 %,23.41269841269841 %,5.555555555555555 %,10 %,0 %,0 %,33.095238095238095 %,4.545454545454546 %,28.09027777777778 %
678,Sao Tome and Principe,19.28571428571429 %,48.035714285714285 %,60.89743589743589 %,27.76190476190476 %,4.166666666666666 %,68.00595238095238 %,100 %,41.66666666666667 %,34.375 %,27.083333333333336 %,11.11111111111111 %,40 %,5 %,24.117647058823525 %,59.76190476190476 %,19.444444444444446 %,74.10493827160494 %
680,Sark,0 %,0 %,0 %,0 %,0 %,0 %,0 %,0 %,0 %,0 %,0 %,0 %,0 %,0 %,8.055555555555555 %,0 %,0 %
682,Saudi Arabia,24.166666666666668 %,41.785714285714285 %,64.48717948717947 %,55.99999999999999 %,18.055555555555554 %,34.82142857142857 %,80 %,60.416666666666664 %,67.1875 %,45.833333333333336 %,22.12962962962963 %,50 %,19 %,14.705882352941178 %,49.047619047619044 %,24.444444444444446 %,50.77160493827161 %
686,Senegal,26.42857142857143 %,72.61904761904762 %,73.07692307692307 %,58.23809523809524 %,19.444444444444446 %,82.36607142857143 %,100 %,56.25 %,64.0625 %,54.58333333333333 %,11.11111111111111 %,31.818181818181817 %,0 %,44.70588235294118 %,59.04761904761905 %,20 %,77.25308641975307 %
688,Serbia,52.43197278911565 %,50.74404761904761 %,66.98717948717949 %,48.73015873015872 %,33.33333333333333 %,74.14965986394559 %,100 %,70.83333333333334 %,82.14285714285714 %,41.2037037037037 %,43.84920634920635 %,45.90909090909091 %,21.66666666666667 %,0.5882352941176471 %,78.09523809523809 %,18.08080808080808 %,65.97222222222221 %
690,Seychelles,17.61904761904762 %,50.535714285714285 %,66.15384615384615 %,47 %,9.722222222222223 %,41.51785714285714 %,100 %,54.166666666666664 %,40.625 %,35.833333333333336 %,11.11111111111111 %,31.363636363636367 %,0 %,54.70588235294118 %,49.76190476190476 %,23.333333333333336 %,61.04938271604938 %
694,Sierra Leone,16.904761904761905 %,48.86904761904762 %,72.43589743589743 %,43.33333333333333 %,4.166666666666666 %,78.7202380952381 %,100 %,50 %,37.5 %,34.583333333333336 %,11.11111111111111 %,40 %,0 %,24.705882352941178 %,59.04761904761905 %,31.666666666666664 %,76.88271604938272 %
702,Singapore,21.19047619047619 %,28.86904761904762 %,67.82051282051282 %,54.666666666666664 %,20.833333333333336 %,50.44642857142857 %,80 %,47.91666666666667 %,73.4375 %,38.57142857142858 %,22.22222222222222 %,55.45454545454545 %,5 %,21.764705882352946 %,30.297619047619044 %,19.166666666666668 %,49.197530864197525 %
534,Sint Maarten (Dutch part),8.333333333333334 %,0 %,1.5384615384615385 %,0 %,0 %,11.309523809523808 %,70 %,12.5 %,16.145833333333332 %,6.7857142857142865 %,0 %,27.27272727272727 %,0 %,11.76470588235294 %,22.916666666666664 %,0 %,11.203703703703702 %
703,Slovakia,41.66666666666667 %,53.86904761904761 %,65.06410256410255 %,55.925925925925924 %,22.22222222222222 %,66.58163265306123 %,80 %,83.33333333333334 %,82.14285714285714 %,62.03703703703704 %,22.22222222222222 %,52.04545454545454 %,5 %,20 %,78.09523809523809 %,32.47474747474748 %,54.305555555555564 %
705,Slovenia,52.10884353741496 %,50.74404761904761 %,66.02564102564101 %,55.820105820105816 %,22.22222222222222 %,67.00680272108845 %,80 %,79.16666666666666 %,83.92857142857143 %,66.2037037037037 %,27.341269841269845 %,64.16666666666667 %,20.999999999999996 %,51.76470588235295 %,78.09523809523809 %,32.77777777777778 %,48.47222222222223 %
90,Solomon Islands,31.989795918367342 %,41.785714285714285 %,54.61538461538461 %,30.619047619047617 %,4.166666666666666 %,39.43452380952381 %,100 %,33.33333333333333 %,34.375 %,35.833333333333336 %,30.02645502645503 %,29.090909090909093 %,16.666666666666668 %,34.11764705882353 %,47.67857142857143 %,19.444444444444446 %,74.01234567901234 %
706,Somalia,29.60884353741497 %,52.202380952380956 %,49.48717948717948 %,20.666666666666664 %,4.166666666666666 %,57.29166666666667 %,100 %,37.5 %,34.375 %,30.833333333333336 %,28.174603174603174 %,21.818181818181817 %,21.66666666666667 %,14.117647058823529 %,58.0952380952381 %,18.40277777777778 %,61.79012345679013 %
710,South Africa,37.24489795918367 %,72.61904761904762 %,65.38461538461539 %,41.76190476190476 %,20.833333333333336 %,83.92857142857143 %,100 %,77.08333333333334 %,67.1875 %,48.33333333333334 %,29.920634920634924 %,52.27272727272727 %,20.999999999999996 %,34.705882352941174 %,76.42857142857142 %,36.06481481481481 %,73.64197530864199 %
239,South Georgia and the South Sandwich Islands,0 %,0 %,0 %,0 %,0 %,5.952380952380952 %,0 %,0 %,0 %,10 %,0 %,0 %,0 %,11.176470588235295 %,26.805555555555554 %,0 %,0 %
728,South Sudan,18.095238095238095 %,45.535714285714285 %,44.230769230769226 %,20 %,4.166666666666666 %,58.1845238095238 %,100 %,45.83333333333333 %,43.75 %,28.333333333333332 %,11.11111111111111 %,28.18181818181818 %,0 %,0 %,45.714285714285715 %,17.245370370370374 %,37.0679012345679 %
724,Spain,41.547619047619044 %,50.74404761904761 %,69.87179487179486 %,67.67195767195767 %,22.22222222222222 %,65.98639455782312 %,80 %,83.33333333333334 %,83.92857142857143 %,61.838624338624335 %,28.888888888888893 %,61.13636363636363 %,6.999999999999999 %,75.88235294117646 %,76.42857142857142 %,28.68686868686869 %,52.222222222222214 %
144,Sri Lanka,63.792517006802726 %,68.03571428571429 %,65.12820512820512 %,47 %,6.944444444444445 %,66.22023809523809 %,100 %,62.5 %,82.8125 %,53.333333333333336 %,29.550264550264554 %,49.09090909090909 %,15.333333333333332 %,24.705882352941178 %,59.76190476190476 %,29.444444444444446 %,72.34567901234567 %
275,State of Palestine,33.11224489795919 %,43.86904761904761 %,25.256410256410263 %,64 %,26.38888888888889 %,56.25 %,90 %,60.416666666666664 %,59.375 %,36.904761904761905 %,31.19047619047619 %,32.95454545454545 %,14.000000000000002 %,4.117647058823529 %,56.42857142857143 %,30.90277777777778 %,71.32716049382715 %
729,Sudan,30.017006802721085 %,47.61904761904761 %,51.66666666666666 %,27.76190476190476 %,2.7777777777777777 %,58.407738095238095 %,100 %,33.33333333333333 %,48.4375 %,30.833333333333336 %,27.116402116402117 %,30.909090909090907 %,16.666666666666668 %,14.117647058823529 %,59.04761904761905 %,15.833333333333332 %,76.79012345679011 %
740,Suriname,19.28571428571429 %,51.78571428571428 %,59.35897435897435 %,32 %,18.055555555555554 %,71.42857142857143 %,100 %,34.375 %,51.5625 %,28.333333333333332 %,11.11111111111111 %,34.54545454545455 %,0 %,44.70588235294118 %,61.42857142857142 %,22.777777777777782 %,59.104938271604944 %
744,Svalbard and Jan Mayen Islands,0 %,0 %,0 %,0 %,0 %,5.442176870748299 %,0 %,1.3888888888888888 %,0 %,0 %,0 %,1.515151515151515 %,0 %,10.588235294117647 %,33.33333333333333 %,0 %,0 %
752,Sweden,52.976190476190474 %,50.74404761904761 %,66.02564102564101 %,54.232804232804234 %,22.22222222222222 %,61.56462585034015 %,80 %,83.33333333333334 %,83.92857142857143 %,71.75925925925925 %,52.77777777777778 %,61.13636363636363 %,21.66666666666667 %,75.88235294117646 %,69.76190476190474 %,32.62626262626262 %,48.68055555555556 %
756,Switzerland,50.32312925170067 %,56.99404761904761 %,69.87179487179486 %,56.666666666666664 %,44.44444444444444 %,64.79591836734696 %,80 %,83.33333333333334 %,82.14285714285714 %,72.94973544973546 %,60.76719576719577 %,54.54545454545454 %,20.333333333333332 %,10 %,69.76190476190474 %,38.18181818181819 %,58.472222222222214 %
760,Syrian Arab Republic,10.714285714285714 %,41.785714285714285 %,43.33333333333333 %,36.333333333333336 %,4.166666666666666 %,52.529761904761905 %,80 %,29.166666666666668 %,50.52083333333333 %,30.833333333333336 %,11.11111111111111 %,30.909090909090907 %,0 %,14.117647058823529 %,55.714285714285715 %,14.884259259259258 %,39.4753086419753 %
762,Tajikistan,43.21428571428572 %,55.53571428571429 %,60.641025641025635 %,32 %,4.166666666666666 %,69.19642857142857 %,100 %,54.166666666666664 %,65.625 %,43.33333333333333 %,30.09259259259259 %,30 %,21.66666666666667 %,12.5 %,45.714285714285715 %,20.046296296296294 %,71.32716049382715 %
764,Thailand,60 %,72.61904761904762 %,80.51282051282051 %,69.47619047619048 %,30.555555555555557 %,64.13690476190477 %,100 %,72.91666666666666 %,64.0625 %,75.23809523809526 %,28.333333333333332 %,55.45454545454545 %,20.999999999999996 %,54.70588235294118 %,49.76190476190476 %,38.50694444444444 %,73.08641975308643 %
626,Timor-Leste,26.394557823129244 %,39.583333333333336 %,62.56410256410256 %,34.85714285714286 %,6.944444444444445 %,51.9345238095238 %,100 %,52.083333333333336 %,40.625 %,30.833333333333336 %,18.174603174603174 %,28.18181818181818 %,10.333333333333332 %,14.117647058823529 %,45.29761904761905 %,24.166666666666668 %,72.34567901234567 %
768,Togo,35.357142857142854 %,55.952380952380956 %,68.58974358974359 %,52.666666666666664 %,11.11111111111111 %,77.67857142857143 %,100 %,42.70833333333333 %,57.8125 %,40.833333333333336 %,30.555555555555557 %,49.09090909090909 %,21.66666666666667 %,24.117647058823525 %,59.345238095238095 %,15.833333333333332 %,75.8641975308642 %
772,Tokelau,7.142857142857142 %,6.25 %,4.102564102564102 %,36.333333333333336 %,2.7777777777777777 %,10.119047619047619 %,40 %,11.11111111111111 %,12.5 %,13.333333333333334 %,5.555555555555555 %,12.12121212121212 %,0 %,21.176470588235293 %,31.25 %,0 %,17.87037037037037 %
776,Tonga,39.8469387755102 %,44.28571428571429 %,56.282051282051285 %,52 %,6.944444444444445 %,50.89285714285714 %,100 %,47.91666666666667 %,34.375 %,48.33333333333333 %,26.322751322751326 %,30.909090909090907 %,16.666666666666668 %,44.70588235294118 %,46.96428571428571 %,19.212962962962962 %,73.08641975308642 %
780,Trinidad and Tobago,34.26870748299319 %,43.03571428571429 %,52.43589743589744 %,41.09523809523809 %,20.833333333333336 %,38.39285714285714 %,100 %,47.91666666666667 %,54.6875 %,40 %,25.661375661375658 %,40 %,21.66666666666667 %,44.70588235294118 %,65.71428571428571 %,24.490740740740744 %,42.345679012345684 %
788,Tunisia,33.33333333333333 %,70.53571428571429 %,60.128205128205124 %,44.904761904761905 %,15.277777777777779 %,81.17559523809523 %,100 %,55.208333333333336 %,64.0625 %,55.833333333333336 %,16.666666666666664 %,40 %,5 %,24.705882352941178 %,78.09523809523809 %,36.94444444444444 %,65.12345679012346 %
792,Türkiye,61.12244897959184 %,40.327380952380956 %,71.28205128205127 %,59.57142857142856 %,19.444444444444446 %,47.32142857142857 %,100 %,63.541666666666664 %,76.5625 %,72.91666666666667 %,47.55291005291006 %,54.99999999999999 %,20.999999999999996 %,55.294117647058826 %,59.04761904761905 %,27.800925925925927 %,71.51234567901236 %
795,Turkmenistan,10.95238095238095 %,39.70238095238095 %,70 %,35.57142857142857 %,4.166666666666666 %,60.863095238095234 %,100 %,37.5 %,59.375 %,25.833333333333336 %,20 %,29.090909090909093 %,0 %,1.4705882352941175 %,55.714285714285715 %,17.685185185185183 %,33.086419753086425 %
796,Turks and Caicos Islands,14.523809523809526 %,6.25 %,13.076923076923078 %,31.238095238095237 %,0 %,32.14285714285714 %,70 %,12.5 %,18.75 %,15 %,5.555555555555555 %,18.181818181818183 %,0 %,21.176470588235293 %,22.916666666666664 %,6.944444444444444 %,16.944444444444443 %
798,Tuvalu,21.173469387755105 %,31.36904761904762 %,42.17948717948718 %,54 %,8.333333333333332 %,57.14285714285714 %,100 %,27.083333333333332 %,34.375 %,25.833333333333336 %,24.735449735449734 %,20 %,16.666666666666668 %,1.1764705882352942 %,33.214285714285715 %,11.805555555555554 %,41.54320987654321 %
800,Uganda,52.261904761904766 %,70.53571428571429 %,76.28205128205127 %,38.33333333333333 %,33.33333333333333 %,80.13392857142858 %,100 %,70.83333333333334 %,53.125 %,48.33333333333333 %,35.64814814814815 %,50 %,21.66666666666667 %,12.5 %,64.04761904761905 %,28.611111111111114 %,78.36419753086419 %
804,Ukraine,53.92857142857144 %,58.03571428571429 %,60.256410256410255 %,52.751322751322746 %,29.166666666666668 %,68.36734693877553 %,100 %,55.208333333333336 %,80.35714285714286 %,43.98148148148148 %,30.555555555555557 %,57.04545454545455 %,21.66666666666667 %,24.705882352941178 %,61.42857142857142 %,19.57070707070707 %,59.61805555555555 %
784,United Arab Emirates,28.3843537414966 %,28.869047619047617 %,67.43589743589743 %,55.99999999999999 %,31.944444444444443 %,40.99702380952381 %,80 %,52.083333333333336 %,73.4375 %,43.33333333333334 %,23.47883597883598 %,56.13636363636364 %,17.22222222222222 %,10 %,65.23809523809524 %,17.175925925925927 %,46.79012345679012 %
826,United Kingdom of Great Britain and Northern Ireland,60.95238095238095 %,48.660714285714285 %,69.87179487179486 %,43.17460317460318 %,33.33333333333333 %,68.36734693877553 %,80 %,81.25 %,83.92857142857143 %,62.03703703703704 %,28.333333333333332 %,61.59090909090909 %,17 %,75.88235294117646 %,68.57142857142856 %,18.686868686868685 %,62.22222222222222 %
834,United Republic of Tanzania,36.30952380952381 %,72.61904761904762 %,69.23076923076923 %,23.428571428571427 %,22.22222222222222 %,75.07440476190476 %,100 %,44.44444444444445 %,67.1875 %,53.333333333333336 %,35.64814814814815 %,27.499999999999996 %,16.666666666666668 %,44.70588235294118 %,50.71428571428571 %,23.333333333333336 %,77.99382716049382 %
581,United States Minor Outlying Islands,0 %,0 %,0 %,0 %,0 %,0 %,0 %,0 %,0 %,10 %,0 %,0 %,0 %,10.588235294117647 %,18.47222222222222 %,0 %,0 %
840,United States of America,41.98979591836734 %,52.827380952380956 %,71.79487179487178 %,55.820105820105816 %,20.833333333333336 %,60.79931972789115 %,80 %,56.25 %,83.92857142857143 %,54.89417989417989 %,28.822751322751323 %,54.16666666666667 %,20.333333333333332 %,54.70588235294118 %,65 %,21.616161616161616 %,53.68055555555556 %
850,United States Virgin Islands,16.666666666666664 %,9.166666666666668 %,3.8461538461538463 %,0 %,0 %,23.809523809523807 %,50 %,11.11111111111111 %,8.333333333333332 %,12.5 %,5.555555555555555 %,25.757575757575758 %,0 %,11.76470588235294 %,27.083333333333332 %,0 %,16.481481481481485 %
858,Uruguay,49.77891156462585 %,69.49404761904762 %,66.15384615384615 %,61.66666666666666 %,33.33333333333333 %,65.55059523809523 %,100 %,72.91666666666666 %,82.8125 %,52.08333333333333 %,25.44973544973545 %,52.121212121212125 %,20.333333333333332 %,54.70588235294118 %,63.21428571428571 %,24.72222222222222 %,59.5679012345679 %
860,Uzbekistan,41.51360544217687 %,41.99404761904762 %,68.07692307692308 %,60.33333333333333 %,15.277777777777779 %,75.44642857142858 %,100 %,55.208333333333336 %,75 %,38.333333333333336 %,33.73015873015873 %,41.59090909090909 %,21.66666666666667 %,12.5 %,75.71428571428571 %,23.51851851851852 %,73.82716049382717 %
548,Vanuatu,25.323129251700678 %,48.035714285714285 %,45.641025641025635 %,37 %,11.11111111111111 %,56.101190476190474 %,100 %,45.83333333333333 %,40.625 %,43.33333333333333 %,27.71164021164021 %,29.090909090909093 %,21.66666666666667 %,24.705882352941178 %,45.29761904761905 %,21.52777777777778 %,65.58641975308643 %
862,Venezuela (Bolivarian Republic of),10.95238095238095 %,37.61904761904762 %,55.89743589743589 %,26.333333333333332 %,4.166666666666666 %,54.761904761904766 %,100 %,46.875 %,64.0625 %,33.333333333333336 %,5.555555555555555 %,30.22727272727273 %,0 %,44.70588235294118 %,61.42857142857142 %,22.175925925925924 %,54.845679012345684 %
704,Viet Nam,44.523809523809526 %,60.11904761904761 %,62.56410256410256 %,69 %,33.33333333333333 %,72.47023809523809 %,100 %,77.08333333333334 %,85.9375 %,47.976190476190474 %,16.666666666666664 %,49.09090909090909 %,5 %,54.70588235294118 %,78.09523809523809 %,27.77777777777778 %,74.84567901234568 %
876,Wallis and Futuna Islands,7.142857142857142 %,6.25 %,7.948717948717948 %,20.666666666666664 %,0 %,36.30952380952381 %,40 %,17.361111111111107 %,27.083333333333332 %,13.333333333333334 %,5.555555555555555 %,3.03030303030303 %,0 %,11.76470588235294 %,37.083333333333336 %,0 %,20.833333333333336 %
732,Western Sahara,0 %,0 %,0 %,0 %,0 %,5.952380952380952 %,0 %,11.11111111111111 %,0 %,15 %,11.11111111111111 %,3.03030303030303 %,0 %,4.117647058823529 %,25 %,0 %,5.555555555555555 %
887,Yemen,21.989795918367346 %,49.49404761904761 %,59.35897435897435 %,10 %,4.166666666666666 %,50.89285714285714 %,100 %,37.5 %,48.4375 %,30.833333333333336 %,15.396825396825397 %,30.909090909090907 %,1.9999999999999998 %,34.11764705882353 %,57.38095238095238 %,13.541666666666666 %,68.17901234567901 %
894,Zambia,46.75170068027211 %,47.20238095238095 %,69.23076923076923 %,48.38095238095238 %,9.722222222222223 %,80.13392857142858 %,100 %,70.83333333333334 %,53.125 %,57.08333333333333 %,24.1005291005291 %,30.909090909090907 %,11.000000000000002 %,0 %,50.71428571428571 %,20 %,70.30864197530863 %
716,Zimbabwe,49.523809523809526 %,52.61904761904762 %,69.23076923076923 %,53.33333333333334 %,20.833333333333336 %,79.61309523809523 %,100 %,66.66666666666666 %,65.625 %,45.83333333333333 %,26.111111111111114 %,54.31818181818181 %,17 %,0 %,75.71428571428571 %,22.22222222222222 %,75.67901234567901 %
